qid	Title	Tags	query
3	How can I set the Software Center to install software for non root users 	software-center software-installation policykit	How can I set the Software Center to install software for non root users  How can I set the Software Center to allow non root users to install stuff from the Ubuntu repos without having to type in their password I m fully aware of the security implications  and I am willing to take the risk  Fedora 12 shipped with something like this   By modifying the PolicyKit configuration  I believe  software-center software-installation policykit
196614	How do I edit applications panel menu in Lubuntu 	lubuntu menu editing alacarte	How do I edit applications panel menu in Lubuntu  Main menu  alacarte  cannot record changes as it should  Some time it does  but randomly and rarely Is this a bug This question is not a clone of this one  In that case the Main menu would not open  in this case it does but changes are rarely recorded  lubuntu menu editing alacarte
6	How to graphically interface with a headless server 	server ssh security remote-desktop vnc	How to graphically interface with a headless server  I have a ubuntu development server at work  It is an old rack server that is located somewhere in the company s dungeon  where nobody ever goes  The only way it can work is as a so called headless server  i e  with no monitor keyboard connected and only accepting network connections  Obviously  if you just need terminal access ssh is more than enough  I  however  would also like to connect to the graphical interface from time to time  At the moment I am using the built in VNC functionality but I am pretty sure this is neither the most efficient nor the most secure way of approaching this issue I have done a bit of research on the issue but failed to come to any definite conclusions  I read about trying to forward the X environment over ssh  which would at least solve my security concerns  Can anyone share their experiences in setting this up  Is there any other way that might be worth looking at I almost exclusively connect to this server from a Windows machine  I don t know if that might be a problem for some of the methods suggested  server ssh security remote-desktop vnc
7	How do I run a successful Ubuntu Hour 	community locoteams	How do I run a successful Ubuntu Hour  I m taking my be stickered laptop to a coffee shop tonight for an Ubuntu Hour   I ve let a bunch of local LUG people know about it   How can I ensure people come away from it feeling like the experience was valuable   Is there something you ve done that was particularly successful There is a wiki page about Ubuntu Hours which is very helpful   I m interested in collecting best practices from the community  community locoteams
9	How do I enable automatic updates 	updates unattended-upgrades	How do I enable automatic updates  Update Manager is constantly offering me updates  e g  security fixes  updates from PPAs  How can I tell my Ubuntu installation to automatically download and install updates whenever they become available  updates unattended-upgrades
262154	Trim and SSD with USB 3 0 enclosure does not work   UASP not supported 	usb ssd trim	Trim and SSD with USB 3 0 enclosure does not work   UASP not supported  I have installed one SSD disk  Micron C400 MTFDDAC128MAM  in an external USB 3 0 enclosure  Now I want use this disk as a second disk in my laptop with Ubuntu 12 04  The disk is working  but I want to use TRIM support which is not working as expected Checking for TRIM support user server    sudo hdparm  I  dev sdc   grep  i TRIM            Data Set Management TRIM supported  limit 8 blocks             Deterministic read data after TRIMDisk was mounted with the following options  dev sdc1 on  media MICRON type ext4  rw nosuid nodev uhelper udisks But when I run the TRIM command manually  I get an error user server    sudo fstrim  v  media MICRON fstrim   media MICRON   FITRIM ioctl failed  Operation not permittedI used this disk before as an internal disk and TRIM was working Here are some USB details   1039 248050  usb 4 1  new SuperSpeed USB device number 4 using xhci hcd  1039 265597  scsi8   usb storage 4 1 1 0  1041 547879  scsi 8 0 0 0  Direct Access     C400 MTF DDAC128MAM       0509 PQ  0 ANSI  5  1041 549134  sd 8 0 0 0  Attached scsi generic sg2 type 0  1041 550511  sd 8 0 0 0   sdc  250069680 512 byte logical blocks   128 GB 119 GiB   1041 550778  sd 8 0 0 0   sdc  Write Protect is off  1041 550785  sd 8 0 0 0   sdc  Mode Sense  23 00 00 00  1041 552520  sd 8 0 0 0   sdc  No Caching mode page present  1041 552528  sd 8 0 0 0   sdc  Assuming drive cache  write through  1041 554029  sd 8 0 0 0   sdc  No Caching mode page present  1041 554035  sd 8 0 0 0   sdc  Assuming drive cache  write through  1041 678373   sdc  sdc1  1041 679982  sd 8 0 0 0   sdc  No Caching mode page present  1041 679991  sd 8 0 0 0   sdc  Assuming drive cache  write through  1041 679997  sd 8 0 0 0   sdc  Attached SCSI diskHow to find out if the mass storage device uses the UASP  USB Attached SCSI Protocol  which should support TRIM  usb ssd trim
11	How do I install Adobe Flash player 	flash software-installation	How do I install Adobe Flash player  I have had significant problems with watching flash video in 64 bit Ubuntu   Does anyone know of a good way to get flash running on the platform  flash software-installation
65549	var cache apt archives occupying huge space	cleanup apt-cache	var cache apt archives occupying huge space I am in the process of cleaning up my system  And I see a lot of space occupied by this folder  var cache apt archives  1 5GB   Is it absolutely necessary to keep all these archives  cleanup apt-cache
98319	correct Installation and configuration of openJDK and R	java openjdk r	correct Installation and configuration of openJDK and R I am relatively new to Ubuntu so I wont know a lot of commands that probably became standard to a lot of you guys I am trying to set up R and with it the necessary java dependencies to install e g  JGR  rjava  etc  I read through quite a few instructions to do that but somehow I must have done sth wrong  Here is the state of R and java R   versionR version 2 14 1  2011 12 22 Copyright  C  2011 The R Foundation for Statistical ComputingISBN 3 900051 07 0Platform  x86 64 pc linux gnu  64 bit java  versionjava version  1 6 0 23 OpenJDK Runtime Environment  IcedTea6 1 11pre   6b23 pre11 0ubuntu1 11 10 1 OpenJDK 64 Bit Server VM  build 20 0 b11  mixed mode R CMD javareconfJava interpreter    usr bin javaJava version       1 6 0 23Java home path      usr lib jvm java 6 openjdk jreJava compiler       usr bin javacJava headers gen    usr bin javahJava archive tool   usr bin jarJava library path   usr lib jvm java 6 openjdk jre lib amd64 server  usr lib jvm java 6 openjdk jre lib amd64  usr lib jvm java 6 openjdk jre    lib amd64  usr java packages lib amd64  usr lib jni  lib  usr libJNI linker flags    L usr lib jvm java 6 openjdk jre lib amd64 server  L usr lib jvm java 6 openjdk jre lib amd64  L usr lib jvm java 6 openjdk jre    lib amd64  L usr java packages lib amd64  L usr lib jni  L lib  L usr lib  ljvmJNI cpp flags      But when I try to install  JavaGD  in R  which is a dependency for JGR I get    checking Java support in R    present interpreter     usr bin java cpp flags       java libs       L usr lib jvm java 6 openjdk jre lib amd64 server  L usr lib jvm java 6 openjdk jre lib amd64  L usr lib jvm java 6 openjdk jre    lib amd64  L usr java packages lib amd64  L usr lib jni  L lib  L usr lib  ljvm configure  error  One or more Java configuration variables are not set Make sure R is configured with full Java support  including JDK   RunR CMD javareconfas root to add Java support to R    Any help would be greatly appreciated  Thanks  java openjdk r
360466	How do I sync contacts on Ubuntu Touch 	ubuntu-touch sync contacts	How do I sync contacts on Ubuntu Touch  How do I sync  upload to download from  my contacts  with my Ubuntu Touch OS  ubuntu-touch sync contacts
360478	Don t have network connection using a BCM4313 adapter	wireless broadcom	Don t have network connection using a BCM4313 adapter I just upgraded to Ubuntu 13 10  but since the upgrade I don t have internet access via wifi anymore I can See networksConnect to a networkPing myself  localhost  192 168 0 103 I can t Ping others  including other devices on the same wireless network  including the gateway router Resolve hostsAccess any other external resource  whether on my own network or on the internetUsing Wireshark  I noticed my computer is continuously sending ARP requests like  Who has 192 168 0 1  which is the gateway   Tell 192 168 0 103   It doesn t get any replies though  When I ping another IP address for which it knows the mac address  from cache   it turns out a packet loss of  90  occurs  and even if a packet manages to arrive it takes around 3000ms The output of route  n is Kernel IP routing tableDestination     Gateway         Genmask         Flags Metric Ref    Use Iface0 0 0 0         192 168 0 1     0 0 0 0         UG    0      0        0 eth1192 168 0 0     0 0 0 0         255 255 255 0   U     9      0        0 eth1192 168 122 0   0 0 0 0         255 255 255 0   U     0      0        0 virbr0Before upgrading  wifi worked fine  Using other devices  wifi still works fine Resetting the router didn t help  Ethernet still works after upgrading Any suggestions Update  I m using the wl driver  Here s the relevant output of some commands lspci   grep Wireless03 00 0 Network controller  Broadcom Corporation BCM4313 802 11bgn Wireless Network Adapter  rev 01 cat  etc modprobe d blacklist conf     blacklist mac80211blacklist brcm80211blacklist cfg80211blacklist lib80211 crypt tkipblacklist lib80211blacklist b43cat  etc rc localsudo modprobe  r lib80211sudo insmod  lib modules 3 2 0 30 generic pae kernel net wireless lib80211 kosudo insmod  lib modules 3 2 0 30 generic pae kernel net wireless lib80211 crypt wep kosudo insmod  lib modules 3 2 0 30 generic pae kernel net wireless lib80211 crypt tkip kosudo insmod  lib modules 3 2 0 30 generic pae kernel net wireless lib80211 crypt ccmp kosudo modprobe wlexit 0The last lines are probably how I got wireless working after the previous upgrade  wireless has been a problem after each upgrade  Update 2  added information about the exact hardware below The hardware is an integrated device  so I ran lspci  nn   grep  i network  The output is 03 00 0 Network controller  0280   Broadcom Corporation BCM4313 802 11bgn Wireless Network Adapter  14e4 4727   rev 01  wireless broadcom
32800	How can I disable modify the SSH login banner for a given user 	command-line ssh	How can I disable modify the SSH login banner for a given user  How can I disable modify the SSH login banner for a given user  command-line ssh
34	What s the easiest way to set up a LAMP stack 	software-installation lamp	What s the easiest way to set up a LAMP stack  I set up a new VPS instance of Ubuntu and am wondering what the easiest way is to get up and running with a basic LAMP stack  i e  which packages are required  which configuration options need to be tweaked  if any  etc    software-installation lamp
36	What is the performance loss if you run Ubuntu desktop edition on a server machine 	server performance	What is the performance loss if you run Ubuntu desktop edition on a server machine  We have installed Ubuntu desktop edition on our dev server I was wondering if there is any noticeable performance loss compared to the server edition  server performance
37	When installing I m given the option of encrypting my home folder    what does this do 	system-installation encryption ecryptfs	When installing I m given the option of encrypting my home folder    what does this do  Does encrypting my home folder make my computer more secure Do I have to enter my password more if my home folder is encrypted What else should I know about encrypting my home folder  system-installation encryption ecryptfs
1245227	How to add the APT key for Microsoft packages	apt keyrings microsoft	How to add the APT key for Microsoft packages I m trying to install some packages from the Microsoft APT Repository  because I hate Snap with a passion   but I can t seem to be able to add its key   curl https   packages microsoft com keys microsoft asc   sudo apt key add  OKIt says OK  but the key doesn t work   sudo apt update     Err 7 https   packages microsoft com repos vscode stable InRelease  The following signatures couldn t be verified because the public key is not available  NO PUBKEY EB3E94ADBE1229CFReading package lists    DoneW  GPG error  https   packages microsoft com repos vscode stable InRelease  The following signatures couldn t be verified because the public key is not available  NO PUBKEY EB3E94ADBE1229CFE  The repository  https   packages microsoft com repos vscode stable InRelease  is not signed N  Updating from such a repository can t be done securely  and is therefore disabled by default N  See apt secure 8  manpage for repository creation and user configuration details I also tried retrieving the key starting from the NO PUBKEY id printed by apt get   sudo apt key adv   keyserver hkp   keyserver ubuntu com 80   recv EB3E94ADBE1229CFExecuting   tmp apt key gpghome q9IjlmqKv9 gpg 1 sh   keyserver hkp   keyserver ubuntu com 80   recv EB3E94ADBE1229CFgpg  key EB3E94ADBE1229CF   Microsoft  Release signing    not changedgpg  Total number processed  1gpg               unchanged  1It says  not changed  and in fact  nothing changes If I check the output of apt key list I see that all third party keys have a sub rsa4096 except Microsoft s  Is this why it doesn t work   sudo apt key list  etc apt trusted gpg                    pub   rsa4096 2017 05 08  SCEA       1EDD E2CD FC02 5D17 F6DA  9EC0 ADAE 6AD2 8A8F 901Auid             unknown  Sublime HQ Pty Ltd sub   rsa4096 2017 05 08  S pub   rsa4096 2016 04 12  SC       EB4C 1BFD 4F04 2F6D DDCC  EC91 7721 F63B D38B 4796uid             unknown  Google Inc   Linux Packages Signing Authority  sub   rsa4096 2019 07 22  S   expires  2022 07 21 pub   rsa4096 2014 06 13  SC       9FD3 B784 BC1C 6FC3 1A8A  0A1C 1655 A0AB 6857 6280uid             unknown  NodeSource sub   rsa4096 2014 06 13  E pub   rsa2048 2015 10 28  SC       BC52 8686 B50D 79E3 39D3  721C EB3E 94AD BE12 29CFuid             unknown  Microsoft  Release signing       How do I solve this issue Ubuntu 20 04 focal apt keyrings microsoft
32812	Need some help creating a script to rename text files and move them to a directory	bash files scripts	Need some help creating a script to rename text files and move them to a directory I have recently managed to convince my mother to let me switch her PC to Ubuntu  and to make her transition easier I want to automate as many tasks as possible for her  I managed to do quite a bit  however there is a script I d like to leave her with  but  unfortunately I have no knowledge of scripting The purpose would be to rename all text files in a folder  mainly Desktop  named e g   note    w out extension  as  note txt   for interoperability s sake and easy upload to google docs  and move them in a specially designated folder  The commands I d need would be   find files in current folder named note   and not ending in  txt  and rename them as note  txt  move files named note  txt to  home username notesUnfortunately I don t know how to put it in script form so I m asking for help  bash files scripts
163903	Gaming performance difference between Windows and Ubuntu	windows wine games performance playonlinux	Gaming performance difference between Windows and Ubuntu What are the pros cons switching from Windows 7 8 to Ubuntu I mainly develop software and play games I obviously don t play games on my laptop that s why I give Ubuntu a try  But the whole OS looks great and I recently discovered PlayOnLinux How big is the performance hit from Windows games  What if the game supports DX11 and has tessellation  does PlayOnLinux translate DX11 to OpenGL  windows wine games performance playonlinux
66	Upgrade experiences from 8 04 LTS to 10 04 LTS 	10.04 upgrade 8.04	Upgrade experiences from 8 04 LTS to 10 04 LTS  I am running 8 04 desktop as a server and hosting my own web server  has anyone experienced any issues with upgrade from 8 04 to 10 04  10.04 upgrade 8.04
67	How do I enable full color support in Vim 	command-line vim colors	How do I enable full color support in Vim  I have a lovely Vim colorscheme  xoria256  and it looks brilliant in GVim  but when I use normal vim in Terminal  the colorscheme is only partially supported    for example  the default semi transparent aubergine background color is used  How do I make Terminal faithfully render my Vim colorscheme  command-line vim colors
69	Keeping multiple workstations in sync	sync configuration user-data multiple-workstations	Keeping multiple workstations in sync I work with multiple computers for various reasons  I want to keep those computers in sync configuration wise  I already have a VCS based setup that allows me to manually update configurations on multiple hosts  But i m looking for a way to do this automatically What I m looking for is A way to sync configuration  vim  ssh  evolution keeping certain directories in sync  like   Documents This is all user configuration and not system configuration  At times the workstation can be offline or behind a slow link  so being able to detect that and act accordingly is a plus  sync configuration user-data multiple-workstations
393289	How to install libdb4 8   dev or equivalent on 13 10 	installation 13.10 package-management	How to install libdb4 8   dev or equivalent on 13 10  I am trying to test a mod that I ve created of Peercoin I need to install libdb4 8   dev  but it is not available How can I install it or an equivalent Note  this is not a dupe since I cannot install a package of my custom alteration of Peercoin  installation 13.10 package-management
131149	Where else to go for help if not helped at Ask Ubuntu 	community	Where else to go for help if not helped at Ask Ubuntu  What other official places can I go for getting help on Ubuntu if I do not get the help I wanted on Ask Ubuntu  community
1409105	Ubuntu 22 04 SSH the RSA key isn t working since upgrading from 20 04	ssh encryption rsync	Ubuntu 22 04 SSH the RSA key isn t working since upgrading from 20 04 Up until last week I was running Ubuntu 20 04 happily  and then over the weekend decided to back everything up and install 22 04   I ve had a couple of teething issues which I ve solver  however I m having real issues with SSH   I have two first generation WD MyCloud drives which handle all my backups and files both on and away from home   I can still connect to the shares with no problems  however I need to SSH onto both drives in order to run maintenance  backup between cloud drives  etc Initially I couldn t gain SSH access at all after upgrading  however the one fix at this website worked   I can now connect via SSH and entering a password However with Ubuntu 20 04 I had set up a passphrase so that various autyomated scripts that I use using rsync could copy between cloud drives and also between Ubuntu and the cloud drive shares   This was working until I upgraded  now the scripts continually ask me for my password and I can t figure out how to stop it What I was originally doing was runningssh keygen  b 4096to generate a passphrase and thenssh copy id root serverto copy the passphrase acrossIf I then enteredssh root serverit simply connected without asking to my password I know this is going to be due to my cloud drives only supporting the now insecure SSH  but I cannot upgrade it to a more secure one  unless someone knows how   I would prefer to do this to be honest    My maintenance scripts can make up to 20 connections over a period of hours  and to have to sit and constantly enter the password is becoming a pain Can anyone help me get my remote rsync commands working again so they don t keep asking me for my passwordThe terminal outputs as I run through these arecolin colin desktop    ssh  ssh keygen  b 4096Generating public private rsa key pair Enter file in which to save the key   home colin  ssh id rsa   Enter passphrase  empty for no passphrase   Enter same passphrase again  Your identification has been saved in  home colin  ssh id rsaYour public key has been saved in  home colin  ssh id rsa pubThe key fingerprint is SHA256 xxxxxxxxxxxxxxxxxxxxxxxxxxxxxxxxxxxxxxxxxxx colin colin desktopThe key s randomart image is      RSA 4096               SHA256       colin colin desktop    ssh  ssh copy id root xxx xxx xxx xxx usr bin ssh copy id  INFO  attempting to log in with the new key s   to filter out any that are already installed usr bin ssh copy id  INFO  1 key s  remain to be installed    if you are prompted now it is to install the new keysroot xxx xxx xxx xxx s password  Number of key s  added  1Now try logging into the machine  with     ssh  root xxx xxx xxx xxx  and check to make sure that only the key s  you wanted were added colin colin desktop    ssh  ssh root xxx xxx xxx xxxroot xxx xxx xxx xxx s password  Linux NASServer 3 2 26  1 SMP Thu Jul 9 11 14 15 PDT 2015 wd 2 4 rel armv7lThe programs included with the Debian GNU Linux system are free software the exact distribution terms for each program are described in theindividual files in  usr share doc   copyright Debian GNU Linux comes with ABSOLUTELY NO WARRANTY  to the extentpermitted by applicable law NASServer    cd    sshNASSERVER    ssh  ls  altotal 12drwx       2 root root 4096 May 17 23 32  drwx       7 root root 4096 Apr 28 19 02    rw        1 root root  742 May 17 23 32 authorized keysNASServer    ssh  exitlogoutConnection to xxx xxx xxx xxx closed colin colin desktop    rsync   verbose   archive  e  ssh  p 22    Files  root xxx xxx xxx xxx  shares Files root xxx xxx xxx xxx s password  How this originally came about was that I needed to be able to rsync to and from a remote location without the need for a human intervention regarding security  The instructions I was given were to use ssh keygen to generate public private keys and then ssh copy id to copy the public key to the remote host   I ve just reinstalled 20 04 on another machine and used this successfully and the rsync is working without the need for a password   However if I clear the keys on the server out  reinstall 22 04 and do the same  it still prompts me for the password   I ve updated my question to show the output of the commands as they are being run on Ubuntu 22 04 with the server name obscured for obvious reasons The Terminal output of rsync  vvv followscolin colin desktop    ssh  vvv root xxx xxx xxx xxxOpenSSH 8 9p1 Ubuntu 3  OpenSSL 3 0 2 15 Mar 2022debug1  Reading configuration data  home colin  ssh configdebug3  kex names ok   diffie hellman group1 sha1 diffie hellman group14 sha1 diffie hellman group14 sha256 diffie hellman group16 sha512 diffie hellman group18 sha512 diffie hellman group exchange sha1 diffie hellman group exchange sha256 ecdh sha2 nistp256 ecdh sha2 nistp384 ecdh sha2 nistp521 curve25519 sha256 curve25519 sha256 libssh org sntrup761x25519 sha512 openssh com debug1  Reading configuration data  etc ssh ssh configdebug1   etc ssh ssh config line 19  include  etc ssh ssh config d   conf matched no filesdebug1   etc ssh ssh config line 21  Applying options for  debug2  resolve canonicalize  hostname xxx xxx xxx xxx is addressdebug3  expanded UserKnownHostsFile     ssh known hosts       home colin  ssh known hosts debug3  expanded UserKnownHostsFile     ssh known hosts2       home colin  ssh known hosts2 debug3  ssh connect direct  enteringdebug1  Connecting to xxx xxx xxx xxx  xxx xxx xxx xxx  port 22 debug3  set sock tos  set socket 3 IP TOS 0x10debug1  Connection established debug1  identity file  home colin  ssh id rsa type 0debug1  identity file  home colin  ssh id rsa cert type  1debug1  identity file  home colin  ssh id ecdsa type  1debug1  identity file  home colin  ssh id ecdsa cert type  1debug1  identity file  home colin  ssh id ecdsa sk type  1debug1  identity file  home colin  ssh id ecdsa sk cert type  1debug1  identity file  home colin  ssh id ed25519 type  1debug1  identity file  home colin  ssh id ed25519 cert type  1debug1  identity file  home colin  ssh id ed25519 sk type  1debug1  identity file  home colin  ssh id ed25519 sk cert type  1debug1  identity file  home colin  ssh id xmss type  1debug1  identity file  home colin  ssh id xmss cert type  1debug1  identity file  home colin  ssh id dsa type  1debug1  identity file  home colin  ssh id dsa cert type  1debug1  Local version string SSH 2 0 OpenSSH 8 9p1 Ubuntu 3debug1  Remote protocol version 2 0  remote software version OpenSSH 6 0p1 Debian 4debug1  compat banner  match  OpenSSH 6 0p1 Debian 4 pat OpenSSH  compat 0x04000000debug2  fd 3 setting O NONBLOCKdebug1  Authenticating to xxx xxx xxx xxx 22 as  root debug3  send packet  type 20debug1  SSH2 MSG KEXINIT sentdebug3  receive packet  type 20debug1  SSH2 MSG KEXINIT receiveddebug2  local client KEXINIT proposaldebug2  KEX algorithms  diffie hellman group1 sha1 diffie hellman group14 sha1 diffie hellman group14 sha256 diffie hellman group16 sha512 diffie hellman group18 sha512 diffie hellman group exchange sha1 diffie hellman group exchange sha256 ecdh sha2 nistp256 ecdh sha2 nistp384 ecdh sha2 nistp521 curve25519 sha256 curve25519 sha256 libssh org sntrup761x25519 sha512 openssh com ext info cdebug2  host key algorithms  ssh ed25519 ssh ed25519 cert v01 openssh com sk ssh ed25519 openssh com sk ssh ed25519 cert v01 openssh com ssh rsa ssh dss ecdsa sha2 nistp256 ecdsa sha2 nistp384 ecdsa sha2 nistp521 sk ecdsa sha2 nistp256 openssh com ssh rsa cert v01 openssh com ssh dss cert v01 openssh com ecdsa sha2 nistp256 cert v01 openssh com ecdsa sha2 nistp384 cert v01 openssh com ecdsa sha2 nistp521 cert v01 openssh com sk ecdsa sha2 nistp256 cert v01 openssh comdebug2  ciphers ctos  3des cbc aes128 cbc aes192 cbc aes256 cbc aes128 ctr aes192 ctr aes256 ctr aes128 gcm openssh com aes256 gcm openssh com chacha20 poly1305 openssh comdebug2  ciphers stoc  3des cbc aes128 cbc aes192 cbc aes256 cbc aes128 ctr aes192 ctr aes256 ctr aes128 gcm openssh com aes256 gcm openssh com chacha20 poly1305 openssh comdebug2  MACs ctos  hmac sha1 hmac sha1 96 hmac sha2 256 hmac sha2 512 hmac md5 hmac md5 96 umac 64 openssh com umac 128 openssh com hmac sha1 etm openssh com hmac sha1 96 etm openssh com hmac sha2 256 etm openssh com hmac sha2 512 etm openssh com hmac md5 etm openssh com hmac md5 96 etm openssh com umac 64 etm openssh com umac 128 etm openssh comdebug2  MACs stoc  hmac sha1 hmac sha1 96 hmac sha2 256 hmac sha2 512 hmac md5 hmac md5 96 umac 64 openssh com umac 128 openssh com hmac sha1 etm openssh com hmac sha1 96 etm openssh com hmac sha2 256 etm openssh com hmac sha2 512 etm openssh com hmac md5 etm openssh com hmac md5 96 etm openssh com umac 64 etm openssh com umac 128 etm openssh comdebug2  compression ctos  none zlib openssh com zlibdebug2  compression stoc  none zlib openssh com zlibdebug2  languages ctos  debug2  languages stoc  debug2  first kex follows 0 debug2  reserved 0 debug2  peer server KEXINIT proposaldebug2  KEX algorithms  ecdh sha2 nistp256 ecdh sha2 nistp384 ecdh sha2 nistp521 diffie hellman group exchange sha256 diffie hellman group exchange sha1 diffie hellman group14 sha1 diffie hellman group1 sha1debug2  host key algorithms  ssh rsa ssh dssdebug2  ciphers ctos  aes128 ctr aes192 ctr aes256 ctr arcfour256 arcfour128 aes128 cbc 3des cbc blowfish cbc cast128 cbc aes192 cbc aes256 cbc arcfour rijndael cbc lysator liu sedebug2  ciphers stoc  aes128 ctr aes192 ctr aes256 ctr arcfour256 arcfour128 aes128 cbc 3des cbc blowfish cbc cast128 cbc aes192 cbc aes256 cbc arcfour rijndael cbc lysator liu sedebug2  MACs ctos  hmac md5 hmac sha1 umac 64 openssh com hmac sha2 256 hmac sha2 256 96 hmac sha2 512 hmac sha2 512 96 hmac ripemd160 hmac ripemd160 openssh com hmac sha1 96 hmac md5 96debug2  MACs stoc  hmac md5 hmac sha1 umac 64 openssh com hmac sha2 256 hmac sha2 256 96 hmac sha2 512 hmac sha2 512 96 hmac ripemd160 hmac ripemd160 openssh com hmac sha1 96 hmac md5 96debug2  compression ctos  none zlib openssh comdebug2  compression stoc  none zlib openssh comdebug2  languages ctos  debug2  languages stoc  debug2  first kex follows 0 debug2  reserved 0 debug1  kex  algorithm  diffie hellman group1 sha1debug1  kex  host key algorithm  ssh rsadebug1  kex  server  client cipher  3des cbc MAC  hmac sha1 compression  nonedebug1  kex  client  server cipher  3des cbc MAC  hmac sha1 compression  nonedebug2  bits set  515 1024debug3  send packet  type 30debug1  expecting SSH2 MSG KEX ECDH REPLYdebug3  receive packet  type 31debug1  SSH2 MSG KEX ECDH REPLY receiveddebug1  Server host key  ssh rsa SHA256 XXXXXXXXXXXXXXXXXXXXXXXXXXXXXXXXXXXXXXXXXXXdebug3  record hostkey  found key type RSA in file  home colin  ssh known hosts 1debug3  load hostkeys file  loaded 1 keys from xxx xxx xxx xxxdebug1  load hostkeys  fopen  home colin  ssh known hosts2  No such file or directorydebug1  load hostkeys  fopen  etc ssh ssh known hosts  No such file or directorydebug1  load hostkeys  fopen  etc ssh ssh known hosts2  No such file or directorydebug1  Host  xxx xxx xxx xxx  is known and matches the RSA host key debug1  Found key in  home colin  ssh known hosts 1debug2  bits set  495 1024debug3  send packet  type 21debug2  ssh set newkeys  mode 1debug1  rekey out after 134217728 blocksdebug1  SSH2 MSG NEWKEYS sentdebug1  expecting SSH2 MSG NEWKEYSdebug3  receive packet  type 21debug1  SSH2 MSG NEWKEYS receiveddebug2  ssh set newkeys  mode 0debug1  rekey in after 134217728 blocksdebug1  get agent identities  bound agent to hostkeydebug1  get agent identities  agent returned 1 keysdebug1  Will attempt key   home colin  ssh id rsa RSA SHA256 XXXXXXXXXXXXXXXXXXXXXXXXXXXXXXXXXXXXXXXXXXX agentdebug1  Will attempt key   home colin  ssh id ecdsa debug1  Will attempt key   home colin  ssh id ecdsa sk debug1  Will attempt key   home colin  ssh id ed25519 debug1  Will attempt key   home colin  ssh id ed25519 sk debug1  Will attempt key   home colin  ssh id xmss debug1  Will attempt key   home colin  ssh id dsa debug2  pubkey prepare  donedebug3  send packet  type 5debug3  receive packet  type 6debug2  service accept  ssh userauthdebug1  SSH2 MSG SERVICE ACCEPT receiveddebug3  send packet  type 50debug3  receive packet  type 51debug1  Authentications that can continue  publickey passworddebug3  start over  passed a different list publickey passworddebug3  preferred gssapi with mic publickey keyboard interactive passworddebug3  authmethod lookup publickeydebug3  remaining preferred  keyboard interactive passworddebug3  authmethod is enabled publickeydebug1  Next authentication method  publickeydebug1  Offering public key   home colin  ssh id rsa RSA SHA256 XXXXXXXXXXXXXXXXXXXXXXXXXXXXXXXXXXXXXXXXXXX agentdebug1  send pubkey test  no mutual signature algorithmdebug1  Trying private key   home colin  ssh id ecdsadebug3  no such identity   home colin  ssh id ecdsa  No such file or directorydebug1  Trying private key   home colin  ssh id ecdsa skdebug3  no such identity   home colin  ssh id ecdsa sk  No such file or directorydebug1  Trying private key   home colin  ssh id ed25519debug3  no such identity   home colin  ssh id ed25519  No such file or directorydebug1  Trying private key   home colin  ssh id ed25519 skdebug3  no such identity   home colin  ssh id ed25519 sk  No such file or directorydebug1  Trying private key   home colin  ssh id xmssdebug3  no such identity   home colin  ssh id xmss  No such file or directorydebug1  Trying private key   home colin  ssh id dsadebug3  no such identity   home colin  ssh id dsa  No such file or directorydebug2  we did not send a packet  disable methoddebug3  authmethod lookup passworddebug3  remaining preferred   passworddebug3  authmethod is enabled passworddebug1  Next authentication method  passwordroot xxx xxx xxx xxx s password   ssh encryption rsync
98393	How do I get 2560x1440 resolution within VirtualBox on a Mac 	virtualbox mac	How do I get 2560x1440 resolution within VirtualBox on a Mac  I m trying to get a functional Ubuntu instance running in VirtualBox on my iMac 27    The iMac has a resolution of 2560x1440  and I d like to run Ubuntu in full screen at that resolution I ve installed the Guest Additions that come with VirtualBox  rather than the ones in the archive    I m using Ubuntu 11 10 64 bit   The display currently runs at 1600x1200  and when I run the displays dialog  or xrandr   I get a list of resolutions that are 1600x1200 or smaller  and are all at 4 3 aspect ratio  whereas the iMac monitor is 16 9  The settings for the virtual machine have video memory set to 128MB   Whether I run the VM with or without 3D acceleration makes no difference to the available resolutions  although with 3D acceleration enabled  launched windows aren t visible â€“ a different question perhaps  I have a natty VirtualBox VM that does run at 2560x1440  so I know it s possible   However  I don t know how to achieve it Thanks jml virtualbox mac
131168	How do I uninstall GRUB 	grub2 uninstall	How do I uninstall GRUB  A hard drive that I use only for data storage still has GRUB from past Ubuntu installations How can I remove GRUB from it without harming the rest of the drive s data BackgroundI occasionally move the data drive between computers with various boot order configurations  so I would like it to be non bootable in order to avoid having to accommodate it in each computer s BIOS settings When I power on a computer while only the data drive is attached  the following appears error  no such device  fdf38dd4 9e9d 479d b830 2a6989958503 grub rescue  I can confirm from old backups of  etc fstab that this was the UUID of a root partition that I recently reformatted and which no longer exists  Here s the the data drive s partition table and raw master boot record Please note that I m not interested in workarounds that don t answer my primary question  I can think of several ways to work around this issue  but it bothers me on principle that I don t know how to directly resolve it  Every installation procedure should have a counterpart uninstallation procedure  grub2 uninstall
108	How can I best retest a bug in a newer or development release 	launchpad bug-reporting	How can I best retest a bug in a newer or development release  I have reported a bug that occurs in Karmic on launchpad  and I have been asked to re test it on lucid or maverick  How can I do this best   launchpad bug-reporting
491629	How to install PHP  mbstring  extension in Ubuntu 	14.04 php extension	How to install PHP  mbstring  extension in Ubuntu  What is the  PHP mbstring extension  and what is the best way to install it on Ubuntu 14 04  14.04 php extension
65645	How can I enable Chrome Chromium Unity integration 	unity google-chrome chromium	How can I enable Chrome Chromium Unity integration  I installed Ubuntu yesterday on a new laptop  After downloading and installing Chrome  I realized that there is no experimental integration Gnome3 Unity flag in about flags  I remember using the integration with Chrome on an older machine  is it by some mistake that I can t see it here or was it remove from the experimental features of Chrome I can still see double close minimize maximize buttons   one set from the window manager  the other from chrome  unity google-chrome chromium
111	GUI for iptables 	gui iptables security	GUI for iptables  I would like to secure my server and it seems that IPtables is one of the first steps  Unfortunately editing the rules in a terminal is a bit complicated and dangerous  those who ever did an iptables  F will know what I mean       Could you recommend any good graphical interfaces for managing my IPtables rules  gui iptables security
98416	Error  kernel headers not found   But they are in place 	kernel virtualbox	Error  kernel headers not found   But they are in place  I m trying to install the Guest Additions in VirtualBox 4 04  Host OS is Ubuntu desktop 11 04 64bit  guest OS is Ubuntu server 11 10 64bit   sudo   VBoxLinuxAdditions runAfter some output this line is printed The headers for the current running kernel were not found But the headers are installed  at least accordingly to dpkg   dpkg   get selections   grep linux headerslinux headers 3 0 0 12            installlinux headers 3 0 0 12 server     installlinux headers server              installThe running kernel is   uname  aLinux foobar 3 0 0 12 server  20 Ubuntu SMP Fri Oct 7 16 36 30 UTC 2011 x86 64 x86 64 X86 64 GNU LinuxHow do I fix things so that Guest Additions installer is able to find kernel headers Update  added full output The headers for the current running kernel were not found  If the module compilation fails then this could be the reason Building the main Guest Additions module    done Building the shared folder support module    fail  Look at  var log vboxadd install log to find out what went wrong Installing the Window System drivers    fails  Could not find the X Org or XFree86 Window System  I don t care for fail  2  because that s a server and I don t need X server  But I need shared folder support Some further detail   tail  val log vboxadd install log          cc1  some warnings being treated as errorsmake 2         tmp vbox 0 vfsmod o  Error 1make 1         module  tmp vbox 0  Error 2make       vboxsf  Error 2 kernel virtualbox
163962	 Install alongside  option missing  How do I install Ubuntu beside Windows using  Something Else  	windows-7 system-installation ubiquity	 Install alongside  option missing  How do I install Ubuntu beside Windows using  Something Else   Whenever I startup from the LinuxLive USB  and try to install Ubuntu 12 04  it only gives me two options instead of the usual 3 or 4  My options are  Replace Windows 7 with Ubuntu  and  Something Else   Whenever I go into  Something else   it looks extremely confusing  How do I install it side by side while using the  Something else  section  These are my partitions   dev sda dev sda1 ntfs  104Mb  System Required Partition  dev sda2 ntfs  1000097Mb  Windows 7 Partition Or should I try reinstalling my installer on a CD rather than USB and maybe then it will have the  Install alongside  function  windows-7 system-installation ubiquity
327807	Any 3D CAD programs for Ubuntu 	software-recommendation 3d cad	Any 3D CAD programs for Ubuntu  I need a good CAD program for mechanical engineering Are there any good 3D CAD programs available for Ubuntu like Autocad    software-recommendation 3d cad
127	How do I get involved with testing and QA with Ubuntu 	automation testing quality	How do I get involved with testing and QA with Ubuntu  I d like to get involved with Ubuntu QA by creating automated tests  Is there an ongoing effort to create these tests  Where can I learn more  automation testing quality
131	Where can I find a list of computers guaranteed to work with Ubuntu 	hardware compatibility hardware-certification	Where can I find a list of computers guaranteed to work with Ubuntu  Before I buy my next laptop  I d like to make sure that it will work perfectly with Ubuntu  Is there a list of completely supported computers anywhere  hardware compatibility hardware-certification
134	How do I create a desktop wallpaper slideshow 	desktop-background appearance	How do I create a desktop wallpaper slideshow  How do  I create a desktop wallpaper slideshow with my own set of images With the images coming from a pictures folder  or pre selectedWith the images displayed in order  or randomlyWith the images changing every few minutes  or after random periods of time desktop-background appearance
655496	How to edit multiple text files with a single command 	command-line text-processing	How to edit multiple text files with a single command  I want to remove the first line of multiple text files and replace it with another line  Is there a way to do this using the terminal I know how to use vim  is there a way to automate it with it  I want to avoid doing it manually  as in editing each file individually  If possible I d like to avoid installing new libraries  especially for something like that which i consider very simple   but I could be wrong  Thanks in advance  command-line text-processing
142	Is there a Paint NET alternative 	software-recommendation image-editor	Is there a Paint NET alternative  Does anyone know of a simple Image Editor  with functionality comparable to Paint NET   for Ubuntu   I ve always found GIMP to be overkill and too complicated for what I want to do  software-recommendation image-editor
688270	Mouse speed too fast	mouse xinput	Mouse speed too fast I ve a problem with the mouse speed    I have a gaming mouse with a hardware switch  1000 dpi  1600 dpi  2000 dpi  and I ve set it to 1000 dpi  I ve mouse acceleration and threshold set to 0  I tried solving with xset and xinput but it seemed to don t work at all  I don t know how to set mouse sensitivity under the min    Please help Running Ubuntu 15 04 x86 mouse  Redragon Centrophorus Thanks in advance I had a look to  manpages ubuntu com manpages vivid man4 mousedrv 4 html   I found this  click me  the second is what i ve already tried  and doesn t work  anyone know how to use the first option  mouse xinput
295059	 Continue button  grayed out in  installation type  screen during 13 04 installation	system-installation 13.04 live-usb	 Continue button  grayed out in  installation type  screen during 13 04 installation I m installing Ubuntu 13 04 onto my 32 bit Intel Core 2 Duo CPU  from a live usb  One of the screens says  Installation type   with the three options  Install Ubuntu alongside Windows Vista  or  Replace Windows Vista with Ubuntu  or  Something else   No matter which of those three options I highlight  the  Continue  button is always grayed out and un selectable   I can only select  Quit  or  Back     When I highlight the second option  the word  Continue  switches to  Install Now  on the button     but it is still grayed out and unselectable  Other than the fact that I cannot  continue   the installer offers no information about what s going wrong  Any ideas  Thanks in advance    I am also happy to hear advice about how exactly I can file a bug report about this   system-installation 13.04 live-usb
295060	 buntu setup for Granny	distro-recommendation	 buntu setup for Granny I m trying to setup a  buntu system for grandma  Her needs are a browser  a text processer  libreoffice will be fine   being able to watch youtube and not being able to get into too much trouble deleting or misplacing files that she really would rather keep Is there one of the ubuntu variants that makes it easy to set this up  edubuntu   Or should one stick with the stock ubuntu  since I have only really experience with that  and then remove all superfluous menus etc  distro-recommendation
131233	Low quality image rendering in gthumb eog	scaling image-viewers eog gthumb	Low quality image rendering in gthumb eog I am having problems with image quality when reducing images or zooming out in certain applications  It looks almost as if the image is not being smoothed or anti aliased On the left is gthumb eog  look the same    on the right is gimp  Left one is clearly broken  It never used to be like that  Those are at 20  zoom Eye of Gnome  EoG  and GThumb both suffer from it when resizing to reduce  and when zooming out to reduce  but oddly Gthumb doesn t suffer when generating thumbnails  Shotwell and Gimp are unaffected  Libre Office is affected Given this  I wonder if anyone might know which component s   issues are the cause  I m on a 64 bit precise with NVidia 8800 GTX  nouveau  EDIT  Additional information  If i use the tools dropdown button in the top toolbar of Gthumb  it reduces images size and retains full quality  If I instead click the paint palette at the top right to enter Edit Mode  and resize from in there  it loses quality  The  high quality  check box makes a difference but not significantly  The zoom also loses quality  I am wondering if perhaps it doesn t have 2 rendering modes and 1 is broken EDIT 05May2012  I have since discovered that a  The image quality for EoG and Gthumb suffered its regression in Oneiric  Maverick  Natty work fine   b  It is not limited to Ubuntu  it also affected Fedora 16 So I ll take as an accepted answer anyone who can either fix that or advise me how to go bug reporting this  I don t really know which packages to apply it to  or whether it needs to go to Ubuntu or GNOME  Thanks  scaling image-viewers eog gthumb
164	How can I tell  from the command line  whether the machine requires a reboot 	command-line package-management	How can I tell  from the command line  whether the machine requires a reboot  When you install certain updates  e g  a new kernel  in Ubuntu Desktop  you get an indication that a reboot is required  in Lucid  the logout icon turns red  How can I check  from the command line  whether an Ubuntu server requires a reboot I could grep for  System restart required  in  etc motd  but I d like a solution that s more elegant   Also  I want a solution that works in older releases  e g  Hardy  8 04 LTS   command-line package-management
1409192	Cannot install docker desktop on ubuntu 22 04	apt software-installation dpkg dependencies docker	Cannot install docker desktop on ubuntu 22 04 I am trying to install docker desktop from here  I downloaded the  deb package with sudo dpkg  i docker desktop 4 8 1 amd64 debbut I got a couple of missing dependencies problems  Reading database     422535 files and directories currently installed  Preparing to unpack docker desktop 4 8 1 amd64 deb    Unpacking docker desktop  4 8 1 78998  over  4 8 1 78998     dpkg  dependency problems prevent configuration of docker desktop  docker desktop depends on docker ce cli  however   Package docker ce cli is not installed  docker desktop depends on pass  however   Package pass is not installed dpkg  error processing package docker desktop    install   dependency problems   leaving unconfiguredProcessing triggers for mailcap  3 70 nmu1ubuntu1     Processing triggers for gnome menus  3 36 0 1ubuntu3     Processing triggers for desktop file utils  0 26 1ubuntu3     Processing triggers for bamfdaemon  0 5 6 22 04 20220217 0ubuntu1     Rebuilding  usr share applications bamf 2 index   Errors were encountered while processing  docker desktopI Have tried to install the missing dependencies using sudo apt get  f installBut it still returns the same error message as above  apt software-installation dpkg dependencies docker
182	Firmware update for iPod Touch  iPhone  	updates ipod iphone itunes firmware	Firmware update for iPod Touch  iPhone   I need to update firmware of my iPod Touch  iPhone  in Ubuntu and as I have jailbroken iPod Touch I need iTunes to install apps  but unfortunately haven t found any ways to do that in Ubuntu yet  I know that it is possible to use VirtualBox or Wine  but still in the most of the times iTunes doesn t want to work on Wine and for VirtualBox I need to install again that Windows from which I switched into Ubuntu just a few months ago and don t want to go back to it What do Linux users who have iPod Touch iPhone  do in this case Any suggestions to solve the problem will be pleased And finally how long will it be before Apple develops iTunes for Linux OS   updates ipod iphone itunes firmware
98489	How can I elevate nautilus privileges to move or copy a folder as root 	nautilus	How can I elevate nautilus privileges to move or copy a folder as root  Say I have a folder open in Nautilus that s in my  home user temp directory  I d like to move a folder from there to my  opt directory  it s a program   Is there a way I can elevate the copy command up to a sudo so that I can copy the folder without having to start a new instance of Nautilus from the command line   nautilus
917695	Read only partition  dual boot WIn10	dual-boot partitioning read-only	Read only partition  dual boot WIn10 I am no longer able to write on the data partition files in Ubuntu  due to a  read only  message appearing    I have 3 partitions  one has Ubuntu installed  1   one is for Win10  2   dual boot  and the 3rd  3  is for data storage Today I updated Win10 and I am no longer able to access the data storage  3  partition from Ubuntu  Usually this error appears when I access Ubuntu while Win10 is not shut down but hibernated  Instead this time the error appears even if Win10 is shut down I don t get what s going on  Any clue    dual-boot partitioning read-only
193	How can I change the login screen theme in GDM 	themes gdm login-screen	How can I change the login screen theme in GDM  How can I change the Login screen theme  Is there a graphical way or no  themes gdm login-screen
209	What are the advantages and disadvantages of different docks 	dock	What are the advantages and disadvantages of different docks  For example  Avant Window Navigator  Docky  DockBarX and Cairo dock  dock
688338	Dependency errors after installing and attempting to remove Google Chrome	apt package-management google-chrome dpkg	Dependency errors after installing and attempting to remove Google Chrome So ubuntu worked perfectly for me for a while  I tried to download Google Chrome and accidentally downloaded the 32 bit version  Went back and tried to download the 64 bit  stupidly without deleting the 32 bit   and started having problems getting error messages related to google chrome stable My next step was to purge everything I have on Ubuntu related to Chrome  but I m still getting these errors and  given that I m still a newbie to Linux  I m really lost for what to do right now Now  I can t download anything via the command line  For example  I just tried downloading Ubuntu s version of f lux and got the following Reading package lists    DoneBuilding dependency tree       Reading state information    DoneThe following packages were automatically installed and are no longer required   gcc 4 8 base i386 libasn1 8 heimdal i386 libasound2 i386  libatk bridge2 0 0 i386 libatk1 0 0 i386 libatspi2 0 0 i386  libavahi client3 i386 libavahi common data i386 libavahi common3 i386  libcairo gobject2 i386 libcairo2 i386 libcolord1 i386 libcups2 i386  libcurl3 i386 libdatrie1 i386 libdbus glib 1 2 i386 libdbusmenu glib4 i386  libdbusmenu gtk3 4 i386 libdbusmenu gtk4 i386 libexpat1 i386 libffi6 i386  libfontconfig1 i386 libfreetype6 i386 libgconf 2 4 i386 libgcrypt11 i386  libgdk pixbuf2 0 0 i386 libglib2 0 0 i386 libgnutls26 i386  libgpg error0 i386 libgraphite2 3 i386 libgssapi krb5 2 i386  libgssapi3 heimdal i386 libgtk 3 0 i386 libgtk2 0 0 i386 libharfbuzz0b i386  libhcrypto4 heimdal i386 libheimbase1 heimdal i386 libheimntlm0 heimdal i386  libhx509 5 heimdal i386 libidn11 i386 libjasper1 i386 libjbig0 i386  libjpeg turbo8 i386 libjpeg8 i386 libk5crypto3 i386 libkeyutils1 i386  libkrb5 26 heimdal i386 libkrb5 3 i386 libkrb5support0 i386 liblcms2 2 i386  libldap 2 4 2 i386 libmbim glib0 libnspr4 i386 libnss3 i386 libp11 kit0 i386  libpango 1 0 0 i386 libpango1 0 0 i386 libpangocairo 1 0 0 i386  libpangoft2 1 0 0 i386 libpangox 1 0 0 i386 libpangoxft 1 0 0 i386  libpixman 1 0 i386 libqmi glib0 libroken18 heimdal i386 librtmp0 i386  libsasl2 2 i386 libsasl2 modules i386 libsasl2 modules db i386  libsqlite3 0 i386 libssl1 0 0 i386 libstdc  6 i386 libtasn1 6 i386  libthai0 i386 libtiff5 i386 libwayland client0 i386 libwayland cursor0 i386  libwind0 heimdal i386 libx11 6 i386 libxau6 i386 libxcb render0 i386  libxcb shm0 i386 libxcb1 i386 libxcomposite1 i386 libxcursor1 i386  libxdamage1 i386 libxdmcp6 i386 libxext6 i386 libxfixes3 i386 libxft2 i386  libxi6 i386 libxinerama1 i386 libxkbcommon0 i386 libxrandr2 i386  libxrender1 i386 libxss1 i386 libxtst6 i386 usb modeswitch  usb modeswitch dataUse  apt get autoremove  to remove them The following extra packages will be installed   libappindicator1 libglade2 0 libindicator7Suggested packages   python gtk2 docThe following packages will be REMOVED   google chrome stable i386 libappindicator1 i386 libindicator7 i386The following NEW packages will be installed   libappindicator1 libglade2 0 libindicator7 python appindicator python glade20 upgraded  5 newly installed  3 to remove and 3 not upgraded 1 not fully installed or removed Need to get 53 4 kB 101 kB of archives After this operation  185 MB disk space will be freed Do you want to continue   Y n  YGet 1 http   us archive ubuntu com ubuntu  trusty main libglade2 0 amd64 1 2 6 4 2  44 6 kB Get 2 http   us archive ubuntu com ubuntu  trusty main python glade2 amd64 2 24 0 3ubuntu3  8 744 B Fetched 53 4 kB in 0s  159 kB s           Reading database     170838 files and directories currently installed  Removing google chrome stable  46 0 2490 71 1     xdg icon resource  size argument must be numericTry  xdg icon resource   help  for more information dpkg  error processing package google chrome stable    remove   subprocess installed pre removal script returned error exit status 1xdg icon resource  size argument must be numericTry  xdg icon resource   help  for more information dpkg  error while cleaning up  subprocess installed post installation script returned error exit status 1Removing libappindicator1  12 10 1 13 10 20130920 0ubuntu4 1     Removing libindicator7  12 10 2 14 04 20141007 1 0ubuntu1     Processing triggers for libc bin  2 19 0ubuntu6 6     E  Sub process  usr bin dpkg returned an error code  1 I need to be able to download packages without problems  Can anyone help me out EDIT  Additionally  when I tried to update the software  I got this message   THE PACKAGE SYSTEM IS BROKEN    Check if you are using third party repositories  If so disable them  since they are a common source of problems Furthermore run the following command in a Terminal  apt get install  fBut when I run apt get install  f  I get the following output Errors were encountered while processing  google chrome stableE  Sub process  usr bin dpkg returned an error code  1 Response from sudo apt get install  f Reading package lists    DoneBuilding dependency tree       Reading state information    DoneThe following packages were automatically installed and are no longer required   libatk bridge2 0 0 i386 libatspi2 0 0 i386 libcairo gobject2 i386  libcolord1 i386 libdbusmenu gtk3 4 i386 libgtk 3 0 i386 liblcms2 2 i386  libmbim glib0 libqmi glib0 libwayland client0 i386 libwayland cursor0 i386  libxkbcommon0 i386 usb modeswitch usb modeswitch dataUse  apt get autoremove  to remove them 0 upgraded  0 newly installed  0 to remove and 3 not upgraded 1 not fully installed or removed After this operation  0 B of additional disk space will be used Setting up google chrome stable  46 0 2490 71 1     xdg icon resource  size argument must be numericTry  xdg icon resource   help  for more information dpkg  error processing package google chrome stable    configure   subprocess installed post installation script returned error exit status 1E  Sub process  usr bin dpkg returned an error code  1 Response to sudo apt get update was very long  so I shortened it to just the error message W  Failed to fetch http   ppa launchpad net fabricesp ppa ubuntu dists trusty main binary amd64 Packages  404  Not FoundW  Failed to fetch http   ppa launchpad net fabricesp ppa ubuntu dists trusty main binary i386 Packages  404  Not FoundE  Some index files failed to download  They have been ignored  or old ones used instead Error for install f After this operation  0 B of additional disk space will be used Setting up google chrome stable  46 0 2490 71 1     xdg icon resource  size argument must be numericTry  xdg icon resource   help  for more information dpkg  error processing package google chrome stable    configure   subprocess installed post installation script returned error exit status 1E  Sub process  usr bin dpkg returned an error code  1 And error for dist upgrade After this operation  0 B of additional disk space will be used Do you want to continue   Y n  YSetting up google chrome stable  46 0 2490 71 1     xdg icon resource  size argument must be numericTry  xdg icon resource   help  for more information dpkg  error processing package google chrome stable    configure   subprocess installed post installation script returned error exit status 1Errors were encountered while processing  google chrome stableE  Sub process  usr bin dpkg returned an error code  1 Error for sudo dpkg   purge   force all google chrome stableRemoving google chrome stable  46 0 2490 71 1     xdg icon resource  size argument must be numericTry  xdg icon resource   help  for more information dpkg  error processing package google chrome stable    purge   subprocess installed pre removal script returned error exit status 1xdg icon resource  size argument must be numericTry  xdg icon resource   help  for more information dpkg  error while cleaning up  subprocess installed post installation script returned error exit status 1Errors were encountered while processing  google chrome stableIn response to A B s suggestions  after runningsudo rm  var lib dpkg info google chrome stable  prerm  I then ran sudo apt get install  f and got the same answer I ve been getting Reading package lists    DoneBuilding dependency tree       Reading state information    DoneThe following packages were automatically installed and are no longer required   libatk bridge2 0 0 i386 libatspi2 0 0 i386 libcairo gobject2 i386  libcolord1 i386 libdbusmenu gtk3 4 i386 libgtk 3 0 i386 liblcms2 2 i386  libmbim glib0 libqmi glib0 libwayland client0 i386 libwayland cursor0 i386  libxkbcommon0 i386 usb modeswitch usb modeswitch dataUse  apt get autoremove  to remove them 0 upgraded  0 newly installed  0 to remove and 0 not upgraded 1 not fully installed or removed After this operation  0 B of additional disk space will be used Setting up google chrome stable  46 0 2490 71 1     xdg icon resource  size argument must be numericTry  xdg icon resource   help  for more information dpkg  error processing package google chrome stable    configure   subprocess installed post installation script returned error exit status 1E  Sub process  usr bin dpkg returned an error code  1  apt package-management google-chrome dpkg
458967	Ubuntu 14 04   My computer sees the wireless network  but won t connect to it  keeps asking for the WPA password	wireless networking 14.04	Ubuntu 14 04   My computer sees the wireless network  but won t connect to it  keeps asking for the WPA password Sony Vaio VGN NW240FNetwork controller  Qualcomm Atheros AR9285 Wireless Network Adapter  PCI Express   rev 01   lspci  vv  sSubsystem  Foxconn International  Inc  T77H126 00 802 11bgn Wireless Half size Mini PCIe CardControl  I O  Mem  BusMaster  SpecCycle  MemWINV  VGASnoop  ParErr  Stepping  SERR  FastB2B  DisINTx Status  Cap  66MHz  UDF  FastB2B  ParErr  DEVSEL fast  TAbort  SERR  Kernel driver in use  ath9k  modinfo ath9kfilename         lib modules 3 13 0 24 generic kernel drivers net wireless ath ath9k ath9k kolicense         Dual BSD GPLdescription     Support for Atheros 802 11n wireless LAN cards author          Atheros Communicationssrcversion      BAF225EEB618908380B28DAalias           platform qca955x wmacalias           platform ar934x wmacalias           platform ar933x wmacalias           platform ath9kalias           pci v0000168Cd00000036sv sd bc sc i alias           pci v0000168Cd00000036sv0000185Fsd00003027bc sc i  alias    depends         ath9k hw mac80211 ath9k common cfg80211 athintree          Yvermagic        3 13 0 24 generic SMP mod unload modversions signer          Magrathea  Glacier signing keysig key         00 A5 A6 57 59 DE 47 4B C5 C4 31 20 88 0C 1B 94 A5 39 F4 31sig hashalgo    sha512parm            debug Debugging mask  uint parm            nohwcrypt Disable hardware encryption  int parm            blink Enable LED blink on activity  int parm            btcoex enable Enable wifi BT coexistence  int parm            bt ant diversity Enable WLAN BT RX antenna diversity  int parm            ps enable Enable WLAN PowerSave  int My network works perfectly well with this computer on windows 7  and with various other computers and devices  I installed Ubuntu 14 04 today  and it works perfectly  except for the wifi When I try to connect  wifi icon  name of network   a popup asking for the password keeps appearing every minute or so  and it does not connect  The password is correct I tried to delete the network from the connection list  wifi icon  edit connections   restart my computer and try again  to no avail Ethernet works perfectly I have to assume that it is related to Ubuntu  since the wireless card is recognized and can scan the different networks available   rfkill list0  sony wifi  Wireless LANSoft blocked  noHard blocked  no1  phy0  Wireless LANSoft blocked  noHard blocked  noI do not know Ubuntu 14 04 well enough to even try anything Any suggestions  wireless networking 14.04
219	Under what license is Ubuntu  Can it be legally modified and distributed 	license permissions gpl	Under what license is Ubuntu  Can it be legally modified and distributed  What license does Ubuntu fall into  GPL  MIT  a mix   Would it be legal to modify it and redistribute my modified version  license permissions gpl
224	How to I move MySQL data files onto different partition 	mysql	How to I move MySQL data files onto different partition  I have my hard drive partitioned with two partitions  so I can easily re install Ubuntu and try out different versions without losing my home directory data It is setup like this 20GB            root 180GB     home I do a lot of development work  so I have my  var www folder symlinking to  home valorin workspace  But I want to do this with my MySQL data files as well  as I am getting annoyed that each time I reinstall my machine I need to do a full SQLdump and then restore all the DB s before I can do more work What is the best way to do this without breaking MySQL  mysql
426211	Auto start Openvpn with one  ovpn file	openvpn	Auto start Openvpn with one  ovpn file Hi i bought vpn access form a vpn provider  i got a bunch of  ovpn files How can i get openvpn to startup one of these  opvn files under start boot up I would like to  not have to run openvpn   config VPNservername ovpn every time i have to do a reboot I m running ubuntu 12 04 server I have installed openvpn openvpn
65764	How do I toggle sound with amixer 	11.10 sound command-line lirc	How do I toggle sound with amixer  Including Natty I was always able to toggle  mute unmute  the  Master  sound volume with theamixer sset Master togglecommand that I linked to an edge binding in CompizConfig Manager Now after installing Oneiric the command only mutes the sound but doesn t unmute it  I even tried it in the Terminal but it also doesn t work  It changes  Mono  Playback 68  78     14 25dB   off   to      on   but the sound stays muted so that I have to unmute it via the  sound indicator  in the panel How can I get this working again  What did change since Natty  Does anyone know the command the  sound indicator  uses to toggle the sound volume  11.10 sound command-line lirc
230	Install adblock using synaptic or through firefox s addons menu 	synaptic firefox adblock plugins package-management	Install adblock using synaptic or through firefox s addons menu  I want to install adblock for Firefox and I see it is in Synaptic Should I install it with Synaptic or the regular way with the Firefox add on manager Does it make any differences at all  synaptic firefox adblock plugins package-management
295155	How do I mount  vhd file 	mount virtualbox	How do I mount  vhd file  I m using 13 04 Raring amd64 and I need to mount a  vhd file on my ubuntu  I ve googled about it and found that virtualbox fuse package is the answer But the package was deleted from apt repository  Is there any way to install the package w  13 04  or is there any alternative to virtualbox fuse  mount virtualbox
247	What s your recommendation on drive partitioning schemes for a desktop and home server 	partitioning system-installation	What s your recommendation on drive partitioning schemes for a desktop and home server  What partitioning scheme do you recommend for a desktop  I ve always created three or four primary partitions    root  swap  home  and sometimes a separate boot partition  Ubuntu s default install offers LVMs  I ve never had to add additional drives or space  so it never seemed like a big deal  Whenever I do a fresh install  though  I always think there might be a better way  partitioning system-installation
248	How can I show or hide boot messages when Ubuntu starts 	boot grub2	How can I show or hide boot messages when Ubuntu starts  Is there a way to easily turn on off showing the boot messages  loading the services  when Ubuntu starts  Is it something in Grub2 I am running 10 04  boot grub2
1114364	Edit Sudoers file to allow sudo rights to a AD domain group	18.04 active-directory groups kerberos sssd	Edit Sudoers file to allow sudo rights to a AD domain group I recently managed to get my Ubuntu Server 18 04 machine connected to my companies Windows AD  I am able to login with my AD credentials however I want to take it a step further   This is the article I followed in order to get my Ubuntu 18 04 machine onto the windows domain  note I did not do any configuration on restricting ssh login to a domain group as I am still struggling https   www smbadmin com 2018 06 connecting ubuntu server 1804 to active html showComment 1548915938955 c6716393705599388679However    The goal of what I am trying to achieve is as follows Add a line to  etc sudoers file that specifies an AD group within my organization This groups members should have sudo access on the Linux machines in our organisation What I ve done I tried adding lines like   nameofdomain nameofgroup ALL  ALL ALL  ALL And more     However whenever I try to sudo with a user I know is in the group I receive the usual     user not in sudoers    incident will be reported    What could be the reason for this  Is it perhaps due to the configurations I ve specified when connecting the machine to the AD domain The full path to this group  is as follows   domainname Groups Elab Elab Level3Here is the configuration for my files used to join the AD domain krb5 conf libdefaults     default realm   MYREALMdns lookup kdc   truedns lookup realm   true       rest of file         realmd conf users  default home    home  D  U default shell    bin bash active directory  default client   sssd os name   Ubuntu Server os version   18 04 service  automatic install   no mydomain  fully qualified names   yes automatic id mapping   no user principal   yes manage system   yessssd conf sssd  domains   mydomain config file version   2services   nss  pam  ssh domain mydomain ad domain   mydomainkrb5 realm   MYDOMAINrealmd tags   manages system joined with adcli cache credentials   Trueid provider   adkrb5 store password if offline   Truedefault shell    bin bashldap id mapping   Trueuse fully qualified names   Falsefallback homedir    home  u  daccess provider   adldap user ssh public key   altSecurityIdentitiesI m really hoping that someone here has the answer  I ve searched many many threads and have not been able to crack this nut 18.04 active-directory groups kerberos sssd
253	Is there a working uPnP client server combo 	mythtv upnp	Is there a working uPnP client server combo  I have videos stored on one machine  I d like to watch them on another machine  Both are running Ubuntu 10 04 64 bit So far I ve tried MediaTomb  MythTV  and python coherence  None of the clients seem to see the servers and I definitely have connectivity between the client and server machines  so it s not a network issue   mythtv upnp
65792	Skype not launching from menu but works from command line	11.10 skype	Skype not launching from menu but works from command line when I launch skype from the launcher  it flashes then nothing happens  If I run it from command line it works From command line I get these warnings however skype 2018   Gtk WARNING     Unable to locate theme engine in module path   pixmap   skype 2018   Gtk WARNING     Unable to locate theme engine in module path   pixmap   skype 2018   Gtk WARNING     Unable to locate theme engine in module path   pixmap   skype 2018   Gtk WARNING     Unable to locate theme engine in module path   pixmap  Anybody has the same issue and knows how to work around it thanks 11.10 skype
33025	Locale settings are not right  How can I reset them 	locale	Locale settings are not right  How can I reset them  I ve got a locale problem The collating sequence in nautilus and other programs has changed I get locale errors appearing in the terminal when I launch a GUI app          Gtk WARNING     Locale not supported by C library         Using the fallback  C  locale The locale command produces error messages    locale  Cannot set LC CTYPE to default locale  No such file or directory    locale  Cannot set LC ALL to default locale  No such file or directory    LANG en AU    LANGUAGE en AU en    LC CTYPE  en AU     LC NUMERIC  en AU     LC TIME  en AU     LC COLLATE en AU UTF 8    LC MONETARY  en AU     LC MESSAGES en AU UTF 8    LC PAPER  en AU     LC NAME  en AU     LC ADDRESS  en AU     LC TELEPHONE  en AU     LC MEASUREMENT  en AU     LC IDENTIFICATION  en AU     LC ALL As suggested in askubuntu question  I ve run the following commands  but there was no change        sudo apt get install language pack en base    sudo dpkg reconfigure localesI also tried the suggestion in askubuntu question    also no change         apt get install   reinstall localesI think it began when I temporarily installed and uninstalled the Urdu language Input Method Editor via IBus    it certainly happened on the same day   Maybe it is IBus related  but I ve not had any problems with it before this      The OS is 10 04 locale
688400	Java  Error while loading shared libraries  libjli so	java	Java  Error while loading shared libraries  libjli so I tried installing openjdk6  openjdk7  oracle8    But always the same error when I want to execute java  for example with java  version   java  error while loading shared libraries  libjli so  cannot open shared object file  No such file or directoryI tried with symbolic links trying to get to recognize libjli so but it didn t workAfter uninstalling all versions  following the steps shown here How to completely uninstall Java    and installing again  can t make the error disappear  Even if I uninstall it all again  if I write in terminal java  version it stills throw me the same error I m doing all of this with user sudo Thank youEDIT  Using Ubuntu 14 04 LTS ServerEDIT 2  Installing Openjdk7  Oracle7 and Oracle8  using update alternatives   config java tells me that  in Spanish  but I ll try to translate  3 lines of information  there is only one alternative in the group of java links in  usr lib jvm java 7 openjdk amd64 jre bin java Nothing to configure    update alternatives  warning  forcing reinstallation of alternative  usr lib jvm java 7 openjdk amd64 jre bin java because the Java links  group is broken  update alternatives  warning   usr bin java will not be substituted by a link  java
491793	Laptop Overheats Running Ubuntu 14 04	14.04 ati radeon overheating amd-processor	Laptop Overheats Running Ubuntu 14 04 I recently installed 14 04 on my Toshiba Satellite 305D  It has an AMD Athlon X2 Duel core and 2GB of ram with Radeon 3100  I know she s not much  but I m a Peace Corps Volunteer living in West Africa and she s all I got It s been overheating super quickly and shutting itself down  I ve had this trouble with Ubuntu before but it s a bit worse this time round  I duel boot Windows 7 and never have this trouble with it  I imagine it may be something wrong with recognizing my graphics  but I can t find any good advice about what exactly to do about that Admittedly  I m an Ubuntu noob  Any help would be greatly appreciated  14.04 ati radeon overheating amd-processor
917784	systemd resolved does not query dns server for local domain	networking dns	systemd resolved does not query dns server for local domain Since upgrading to 17 04 I can no longer resolve addresses in my local network  silvesternet local   I get the following response   systemd resolve edgerouteredgerouter  resolve call failed  No appropriate name servers or networks for name foundIn the journal there are only reports of timeouts for transaction related to this lookup I used Wireshark to sniff the network traffic  and it seems that it does not even try to lookup the name  There is no dns traffic whatsoever  Looking up another external domain works just fine Many issues around the same topic mention changing nsswitch conf  but that does not seem to solve anything  My current settings are hosts           files mdns4 minimal dns  NOTFOUND return  resolve   UNAVAIL return  mdns4 networking dns
131359	How do I enable the ALT   F10 F9 shortcuts 	shortcut-keys	How do I enable the ALT   F10 F9 shortcuts  Helo  why there is no ALT F10  maximize  or ALT F9 minimize  shotcut in ubuntu 12 04   Or can i enable them somewhere  shortcut-keys
65830	 errno 5   input output error  when trying to install Ubuntu	system-installation live-usb	 errno 5   input output error  when trying to install Ubuntu Today I downloaded Ubuntu for my laptop  It runs great from a bootable USB  but when I tried to install it  I got the following error message The installer encountered an error copying files to the hard disk  Errno 5  Input output errorThis is often due to a faulty CD DVD disk or drive  or a faulty hard   disk  It may help to clean the CD DVD  to burn the CD DVD at a lower  speed  to clean the CD DVD drive lens  cleaning kits are often   available from electronics suppliers   to check whether the hard disk  is old and in need of replacement  or to move the system to a cooler  environment   I tried everything to install it on my laptop including redownloading the Ubuntu ISO image  but nothing worked  system-installation live-usb
33072	How to restrict users on deleting files from trash folder 	trash	How to restrict users on deleting files from trash folder  I want to restrict my users on deleting files from trash  Also i dont want my users to delete files bypassing trash  Is there any way to do this  trash
304	Photo management with video support	alternative photography media-manager f-spot	Photo management with video support F spot is great  but does not have video support  Picasa is arguably even better  but although mov support is possible  avi and mpeg support is unavailable Is there a photo management app that can also work with videos  Thanks alternative photography media-manager f-spot
307	How can PPAs be removed 	ppa apt	How can PPAs be removed  I ve added many PPAs using the add apt repository command  Is there a simple way to remove these PPAs  I ve checked in  etc apt sources list for the appropriate deb lines but they aren t there  This is on a server system so a command line solution would be great  ppa apt
983351	How to install Terraform in Ubuntu	software-installation	How to install Terraform in Ubuntu I tried to install terraform in Ubuntu desktop but I am getting error bash   usr local bin terraform  cannot execute binary file  Exec format error The same steps working for cloud servers  software-installation
819521	How to remove Telegram 	uninstall software-uninstall telegram	How to remove Telegram  I have installed the official version of Telegram  but now I cannot remove it I have tried apt remove telegram and other methods  is there any trick to remove it completely  uninstall software-uninstall telegram
65858	How to remove the Mail icon indicator applet 	indicator mail	How to remove the Mail icon indicator applet  I m wondering how it s possible to remove the little mail indicator applet in the global menu  I ve uninstalled all the programs that use it  like Thunderbird  Empathy  and Gwibber  since I don t use any of them  but the icon is still there Any ideas  indicator mail
33092	How well do ATI drivers work with Unity 	11.04 unity ati	How well do ATI drivers work with Unity  I have an ATI 4650 graphics card  And when i install the proprietary driver   there are glitches and blackness all over the screen  I ve also read somewhere that ati cards don t work with 11 04 yet  Is it true  When will i be able to test 11 04 then P S  By not working i mean   Unity doesn t work The classic gnome shell works fine  11.04 unity ati
360772	Unity isn t starting on 13 10  with Cinnamon 2 0 installed 	unity 13.10 cinnamon	Unity isn t starting on 13 10  with Cinnamon 2 0 installed  Since upgrading to 13 10  I can t log in to unity desktop  Light dm works correctly  but attempting to log in tries to start the session then drops back to light  I ve already dropped to terminal  ctrl alt f2  and done this sudo apt get updatesudo apt get install   reinstall ubuntu desktopsudo apt get install unityLogging in as a guest session also fails Logging in to other window managers works with varying degrees of success Note  I have Cinnamon 2 0 installed from PPA I m using a 2 monitor setup Also of note is that the session prior to my upgrade to 13 10 the background of unity failed to display at all  instead showing what was there in the screen buffer from the previous frame  The entire OS worked correctly otherwise though  so I just ignored it for the session  No other upgrades or even updates were done prior to this occurring My upgrade path to 13 10 was basically this  Install 13 04 alongside Windows 7  use ubuntu as a glorified web browser for a while  get updates  in preparation for 13 10   install 13 10 I also used Unity Tweak Tool to change some aspects of unity  particularly auto hide Any help or ideas would be appreciated  as I m typing this on my phone    unity 13.10 cinnamon
360774	How do reactivate IBUS after upgrading to Ubuntu 13 10	13.10 ibus	How do reactivate IBUS after upgrading to Ubuntu 13 10 IBUS icon does not appear after upgrading to Ubuntu 13 10  I can t even find the IBUS icon from the Dash  May I know how to reactivate the IBUS  Thanks  13.10 ibus
327	What do windows  users like most after migrating into Ubuntu 	windows migration	What do windows  users like most after migrating into Ubuntu    This question is not deleted because it has historical significance  but it is  not considered a good  on topic question for this site  so please do  not use it as evidence that you can ask similar questions here     More information  https   askubuntu com faqThe title says for itself  There are a lot of interesting new features in Ubuntu  For example  after migrating into Ubuntu the most interesting feature for me was Centralized application installation via Synaptic  users do not need to search for an application  download it from somewhere  install it  and if it is pirated software to search keygens and stuffs like that   What else could be added to the list  windows migration
393542	ScreenShot PrintScreen doesn t work with menus dropped down 	screenshot	ScreenShot PrintScreen doesn t work with menus dropped down  Whenever I try to take a screen shot  in my Ubuntu 12 04 box   with the global menu  context menu for any window file  it doesn t work  I don t seem to be able to take snapshots with menu dropped down  How do I get this fixed PS  The problem is in both Unity and Gnome3 environments  screenshot
65866	How to hide the Bluetooth icon in the panel 	indicator bluetooth	How to hide the Bluetooth icon in the panel  There was an option under Bluetooth preferences in 11 04 to easily hide the icon  but in 11 10  there s a little bar near the top right corner called Visibility  I m assuming that s what hides or shows the Bluetooth icon  but I can t move it  Everything is locked in my Bluetooth preferences  and I see no unlock button Any ideas  indicator bluetooth
65872	Switching from Dropbox to Ubuntu One 	ubuntu-one 11.10 dropbox	Switching from Dropbox to Ubuntu One  I have a free Dropbox account which I use about 5 10  of currently  I mostly use it on my Windows 7 work laptop to store my source code backups  pseudo SVN   and also on my Windows 7 home desktop which I use to store some of my documents which I want to keep safe in case of data loss etc I m just about to upgrade my netbook from 11 04 to 11 10  clean install   Should I be switching from Dropbox to Ubuntu One  It wouldn t be very difficult to transfer my files across  it s mostly a case of which one is better for me I d like to have my source code and documents available on my netbook and have been using the Ubuntu Dropbox client up until now and have been happy with it  but I know Ubuntu One is more tightly intergrated with the OS Which one do you suggest  ubuntu-one 11.10 dropbox
343	Alternative for Mac OS X Automator 	automation alternative scripts workflow	Alternative for Mac OS X Automator  I once tested Mac OS X and something that called my atention was Automator  a software to visually create scripts to automatize tasks on the desktop  Is there any Linux alternative for this software  automation alternative scripts workflow
1081689	How to sort the output of  ls  	command-line ls	How to sort the output of  ls   Is it possible to view this output sorted with titlepage 1 pdf before titlepage 19 pdf   lsallTitlepage pdf         titlepage 12 pdf  titlepage 19 tex  titlepage 26 pdf  titlepage 32 tex  titlepage 4 texallTitlepage tex         titlepage 12 tex  titlepage 1 pdf   titlepage 26 tex  titlepage 33 pdf  titlepage 5 pdfassignment pdf           titlepage 13 pdf  titlepage 1 tex   titlepage 27 pdf  titlepage 34 pdf  titlepage 5 texassignment tex           titlepage 13 tex  titlepage 20 pdf  titlepage 27 tex  titlepage 34 tex  titlepage 6 pdfgraphicsAssignment2 pdf  titlepage 14 pdf  titlepage 20 tex  titlepage 28 pdf  titlepage 35 pdf  titlepage 6 texgraphicsAssignment2 tex  titlepage 14 tex  titlepage 21 pdf  titlepage 28 tex  titlepage 35 tex  titlepage 7 pdfREADME md                titlepage 15 pdf  titlepage 21 tex  titlepage 29 pdf  titlepage 36 pdf  titlepage 7 texthesisTitlepage pdf      titlepage 15 tex  titlepage 22 pdf  titlepage 29 tex  titlepage 36 tex  titlepage 8 pdfthesisTitlepage tex      titlepage 16 pdf  titlepage 22 tex  titlepage 2 pdf   titlepage 37 pdf  titlepage 8 textitlepage 0 pdf          titlepage 16 tex  titlepage 23 pdf  titlepage 2 tex   titlepage 37 tex  titlepage 9 pdftitlepage 0 tex          titlepage 17 pdf  titlepage 23 tex  titlepage 30 pdf  titlepage 38 pdf  titlepage 9 textitlepage 10 pdf         titlepage 17 tex  titlepage 24 pdf  titlepage 30 tex  titlepage 38 tex  titlepage one pdftitlepage 10 tex         titlepage 18 pdf  titlepage 24 tex  titlepage 31 pdf  titlepage 3 pdf   titlepage one textitlepage 11 pdf         titlepage 18 tex  titlepage 25 pdf  titlepage 31 tex  titlepage 3 tex   titlepage two textitlepage 11 tex         titlepage 19 pdf  titlepage 25 tex  titlepage 32 pdf  titlepage 4 pdf command-line ls
393563	How to change permissions on mounted windows share 	mount permissions samba fstab	How to change permissions on mounted windows share  I have mounted a windows share  But only root have write permissions  I need to change that to my user so my programs can download and save stuff to my windows share commands I ve have used to mount sudo mkdir  mnt ussenterprisesudo gedit  etc fstab  servername sharename   mnt ussenterprise  cifs  username msusername password mspassword iocharset utf8 sec ntlm  0  0sudo mount  ayes I have read access to everything in the mounted share  but only root gave write  I ve tried  sudo chown user user  mnt ussenterprise  and sudo chown user  mnt ussenterpriseI get  permissions denied what to do  mount permissions samba fstab
196960	Find directories that DON T contain a file	bash find	Find directories that DON T contain a file Yes  I m sorting out my music  I ve got everything arranged beautifully in the following mantra   Artist Album Track   Artist   Title ext and if one exists  the cover sits in  Artist Album cover  jpg png  I want to scan through all the second level directories and find the ones that don t have a cover  By second level  I mean I don t care if  Britney Spears  doesn t have a cover jpg  but I would care if  Britney Spears In The Zone  didn t have one  Don t worry about the cover downloading  that s a fun project for me tomorrow  I only care about the glorious bash fuiness about an inverse ish find example  bash find
358	How can I type accented characters like Ã« 	keyboard-layout	How can I type accented characters like Ã«  Currently I use the character palette applet in gnome panel to put special characters into text This is okay  but I have to stop typing  select the character I want from the applet and then copy and paste Is there a way to simply type special characters with different key combinations  If so  how do I do it  keyboard-layout
33126	Getting a Canon LiDE 200 to work	drivers canon	Getting a Canon LiDE 200 to work I have this Canon LiDE 200 but simple scan cannot use it properly  With the new sane backend from rober ancell s ppa the scanner head at least moves a little  but simple scan simply fails telling me that the scanning fails in a red banner below the menu bar Is there some way to get it to work  drivers canon
688498	Include command in output file 	command-line bash	Include command in output file  Sorry for the confusing title Suppose I runapt cache depends kde window manager     Desktop kwin dependsI ll get a file named  kwin depends  in my Desktop folder Is there some trick to include the command I issued as part of the file  preferably at the start of the file So  at least in 14 04 LTS  the first few lines would look like this   apt cache depends kde window manager     Desktop kwin dependskde window manager  Depends  kde runtime  Depends  libc6  Depends  libegl1 mesa  Depends  Instead of just like this kde window manager  Depends  kde runtime  Depends  libc6  Depends  libegl1 mesa  Depends   command-line bash
1147254	Apt update fails at chrome stable main   File has unexpected size  1103    1104   Mirror sync in progress  	apt 18.04 package-management google-chrome	Apt update fails at chrome stable main   File has unexpected size  1103    1104   Mirror sync in progress   I m getting an error that I ve never seen before when running sudo apt update  The error happens after reaching http   dl google com linux chrome deb stable main amd64 Packages  I haven t done anything recently that I know of that could have suddenly caused this error to happen Here is the full output of sudo apt update âžœ    sudo apt update                                    Ign 1 http   dl google com linux chrome deb stable InReleaseHit 2 http   packages ros org ros ubuntu bionic InRelease                                                                                                                                               Hit 3 http   us archive ubuntu com ubuntu bionic InRelease                                                                                                                                              Hit 5 http   packages microsoft com repos vscode stable InRelease                                                                                                                                      Get 6 http   dl google com linux chrome deb stable Release  943 B                                                                            Get 7 http   us archive ubuntu com ubuntu bionic updates InRelease  88 7 kB                                                                         Get 8 http   security ubuntu com ubuntu bionic security InRelease  88 7 kB                                                                                              Get 9 http   dl google com linux chrome deb stable Release gpg  819 B                                                                                                              Get 10 http   dl google com linux chrome deb stable main amd64 Packages  1 104 B                                                                                                   Err 10 http   dl google com linux chrome deb stable main amd64 Packages           File has unexpected size  1103    1104   Mirror sync in progress   IP  172 217 11 78 80   Hashes of expected file      Filesize 1104  weak      SHA256 77ca2eefc7975f403bc1c9fb2dd97ed4a010d9c0b3f7932f07dd7995fc7c67a1     SHA1 9c0534b7034652963231d629283e83833f706121  weak      MD5Sum 14dd8b71c35111b40f1f06c565349097  weak   Release file created at  Wed  29 May 2019 17 35 47  0000Hit 4 https   packagecloud io slacktechnologies slack debian jessie InRelease   Fetched 178 kB in 1s  219 kB s                     Reading package lists    DoneE  Failed to fetch http   dl google com linux chrome deb dists stable main binary amd64 Packages gz  File has unexpected size  1103    1104   Mirror sync in progress   IP  172 217 11 78 80    Hashes of expected file       Filesize 1104  weak       SHA256 77ca2eefc7975f403bc1c9fb2dd97ed4a010d9c0b3f7932f07dd7995fc7c67a1      SHA1 9c0534b7034652963231d629283e83833f706121  weak       MD5Sum 14dd8b71c35111b40f1f06c565349097  weak    Release file created at  Wed  29 May 2019 17 35 47  0000E  Some index files failed to download  They have been ignored  or old ones used instead I ve read in other places that removing the entry from my software update sources will get rid of the error  But wouldn t that mean I would no longer get updates for Google Chrome  I would think there must be a better solution than that Searching for this error through Google  I couldn t find this exact error happening with google chrome stable main for anyone else  I m curious to know if this is a temporary issue with the server  I am running Ubuntu 18 04 2 on a desktop machine   apt 18.04 package-management google-chrome
33149	Is  Ubuntu Tweak  considered to be a  safe  program 	ubuntu-tweak	Is  Ubuntu Tweak  considered to be a  safe  program  Is  Ubuntu Tweak  considered to be a safe program for us on my 10 10 OS  Also I was concerned whether or not it was safe to delete all the programs that show up in the  Package Cleanup  option   ubuntu-tweak
819585	Workplace switcher stopped working in Ubuntu 16 04	unity keyboard shortcut-keys workspaces	Workplace switcher stopped working in Ubuntu 16 04 I was using workplace switching for a long time and it suddenly stopped working today   Even after a fresh install   some config left over as I preserved my  home folder  Super   S still raises to show all work spaces Clicking on a task bar icon representing a window in another work space no longer switches to that workspace   window Ctrl   Alt   âŸµ  any direction  no longer works Ctrl   Shift   Alt   âŸµ  any direction  no longer works I ve verified that those key combos are registering by redundantly re assigning the shortcut mappings  unity keyboard shortcut-keys workspaces
164227	How to mount an ISO file 	mount	How to mount an ISO file  I m running into trouble trying to mount a large iso dev dev OptiPlex 745    sudo mount  o loop  home dev HÃ¤mtningar matlab2011a 64 iso  cdrommount  warning   cdrom seems to be mounted read only dev dev OptiPlex 745    Can you tell me how I should do it  mount
33158	How to download songs from Amazon s Cloud Player 	music banshee amazon-mp3-downloader	How to download songs from Amazon s Cloud Player  Using the latest Banshee  1 9 6  and the Amazon MP3 extension  I just bought an album  and it was copied to my Amazon Cloud Drive Player  How do I download this to my computer  Banshee s Amazon MP3 does not seem to open the Amazon Cloud Player pages  and the Amazon Cloud Player website keeps asking me to use their downloader program  which didn t work  perhaps too old  On a side note  I can download the files individually from the Amazon Cloud Drive website  but that is not an ideal solution  I want to click a few buttons  download the whole album at once  and import it into Banshee  like it used to  before the Cloud Drive stuff   music banshee amazon-mp3-downloader
131465	Cannot install Nvidia drivers	nvidia jockey	Cannot install Nvidia drivers I have 12 04 running on Intel dual core with Nvidia 8400 GS I had installed the post relase updates for Nvidia  but encountered some problems  so removed  deactivated  them through  Aditional drivers  After restarting  when I went to install the recommended version current drivers through  Additional drivers   I get the following error Sorry  installation of this driver failed Please have a look at the log file for details   var log jockey log nvidia jockey
164233	How do I resume video play from the point it was stopped with VLC 	video vlc video-player	How do I resume video play from the point it was stopped with VLC  How can I play a video starting from the point it was stopped last time This is useful for watching long videos I am using Ubuntu 12 04 LTS and VLC media player  video vlc video-player
1114510	BASH Script hangs after some processing on Ubuntu	bash text-processing background-process	BASH Script hangs after some processing on Ubuntu I have been running below script on a Red Hat server  and it works fine and finishes the job  The file I am feeding it  contains half a million lines in it  approximately 500000 lines   and that s why  to finish it faster  I have added an     at the end of while loop blockBut now I have setup a Desktop with 8 GB of RAM running Ubuntu 18 04 on it  and running the same code only finishes a few thousand lines and then hangs  I read a bit about it and increased the stack limit to unlimited as well and still it hung after 80000 lines or so  Any suggestions about how can I optimize the code or tune my PC parameters to always finish the job while read  r CID60do              OLT   echo   CID60    cut  d     f5         ONID   OLT    echo   CID60    cut  d   f2   sed  s    g   s                 echo  ONID   echo   CID60    cut  d     f3      localpath CID  logfile csv                 done Input 202 00 MSRFKH00OL6 R1 S1 LT7 PON8 ASSN45  Unlocked 12 654 0330 Up 202 00 MSRFKH00OL6 P282018767 C2028   network  R1 S1 LT7 PON8 ONT81 SERV1   202 00 MSRFKH00OL6 R1 S1 LT7 PON8 ASSN46  Unlocked 12 654 0330 Down 202 00 MSRFKH00OL6 P282017856 C881   local  R1 S1 LT7 PON8 ONT81 C1 P1   202 00 MSRFKH00OL6 R1 S1 LT7 PON8 ASSN52  Unlocked 12 664 1186 Up 202 00 MSRFKH00OL6 P282012623 C2028   network  R1 S1 LT7 PON8 ONT75 SERV1   output 202 00 MSRFKH00OL6 R1 S1 LT7 PON8 ONT81 SERV1 12 654 0330202 00 MSRFKH00OL6 R1 S1 LT7 PON8 ONT81 C1 P1 12 654 0330202 00 MSRFKH00OL6 R1 S1 LT7 PON8 ONT75 SERV1 12 664 1186my output of interest is 5th column   separated with pipe     being concatenated with part of last column  and then the third column bash text-processing background-process
1245592	What is the available space on my disk  exactly	disk-usage	What is the available space on my disk  exactly I m using Ubuntu 18 04 and trying to find out how much space on my SSD I used  I m getting different numbers from three tools I tried  Command line shows 73GB used paul paul desktop    dfFilesystem     1K blocks     Used Available Use  Mounted onudev             8147768        0   8147768   0   devtmpfs            1634036     3644   1630392   1   run dev sda1      114596460 73090608  35641592  68   tmpfs            8170168   707284   7462884   9   dev shmtmpfs               5120        4      5116   1   run locktmpfs            8170168        0   8170168   0   sys fs cgroup    QDirStat shows 39 6GB used System Monitor shows 74 8GB used What is the actual space used  disk-usage
65951	How to disable the touchpad 	touchpad	How to disable the touchpad  I want my touchpad to be disabled when I use my mouse  How can I do that touchpad indicator has stopped working on 11 10  It used to work on 11 04  Gnome3 is not a solution as I don t like it and find it buggy  touchpad
417	How do I install KDE 	gnome kde	How do I install KDE  I want to have both KDE and Gnome shells on Ubuntu  Ubuntu only has Gnome installed by default  How do I install KDE  gnome kde
229800	How to auto start openvpn  client  on Ubuntu CLI 	command-line openvpn	How to auto start openvpn  client  on Ubuntu CLI  I m using Ubuntu 12 04 64bit  I have an   ovpn file that works if I type sudo openvpn client ovpnNow I would like to start up openvpn when I boot the computer How can I do this  command-line openvpn
